Position,Company,Location,URL
full details of Radar Analyst,Lyn Aerospace,Rockledge  FL 32955,https://indeed.com/pagead/clk?mo=r&ad=-6NYlbfkN0ASHh-2f89yzBfXQmO6KAdQok7gCdg9a2RJdXKD12P--Z1jpCm_qFrDREI35mWWenVVKqzNHJ9Cms3n66M7aYSsZxEWpmu8EBSfv0o_wB9-NkYD0a3Hzarcn21WPSg-Nmtb8e_LXVqAQhnG3iCQI7FrXsch3uI5rPem30k1wwjfoTZEEVpKLPb0bq2LAYbvCRoDhgkmuRPw1xNLyf2Ou6qgxtJMR1uDPhF3vsEG2X9gHld2L6xvO0I-3k36cLNqvwR-G3GeHn3SAJWMtiyt3d2E9XWGA5Qu0Y8DgBiGtxPu47UpuqDqipn0NtooW4yDxZHAuy1ZxF4fNgoiYVPOOzl2x5Pas4_hUXXfzLY_HCyOgKagfn9GCkLSKFtLJwJ3GRnYSUtxhGga0gf5NS31-en7zDQuq-oNerwrOsPLppJE4RooGVuenu-nhJWQmYjcIuZZ0cAhWyfzJ8xVI53gdk78mAW_cD5kqPu-7LLyEEOMYnwUKotGy8X7&xkcb=SoBF-_M3UPhDkFwc0J0LbzkdCdPP&p=0&fvj=1&vjs=3
full details of Software Developer,Workforce Opportunity Services,None,https://indeed.com/pagead/clk?mo=r&ad=-6NYlbfkN0Cg2EfBWPUJaBAt4LRBUQYdDsVwfvaJOUhcLQh7tRHeQeUgAhlb0izscwc_DrxcTThkcMmuUegDM4nQ0YD_bXrn4Zyh-KMXi134-ytm1JJem0Lx5C3WqDRBRyu4cqEi7LxYyOckghgz0a9ZOM1XrspH4uEU3mSbl6MDquCsolnVVtOhO0nOAwqz3PdE82jHWQq3KoOGZX8mYJLdf-ootC3R4OiYDk90sqacTMLDok7Oo2b8hhhxsz-lM2LEKSr0wFFqy8XeitVqa65jtbFK6yZIyJMIRJHoAGfHSq_rKN6olW6HYac0F1BanBAmlO3aKoKqdhaVV60S9pf2KU8R1B5AGWuJsstTv5ywxkhj_rudnlUs8mUiK5E9krrOULdreLGm6Aiv_j16o78cqLkINbbIhJso1ZzqK3zV0sCB9Mh7pHi0AtQkLpkjjj2toCvgNHLqBvHvPyGRwyBRHf67IZ1bTnQ4ofuwGJo34BGmQiaJ2_7cV8oPxJ361Wl18_Woamx5LAj1xrfzug==&xkcb=SoDx-_M3UPhDkFwc0J0KbzkdCdPP&p=1&fvj=0&vjs=3
full details of Senior Scientist - RIID,Tunnell Consulting,None,https://indeed.com/pagead/clk?mo=r&ad=-6NYlbfkN0AfkjWzqUAXhY6J0W_wDAty59JueehRhDS4xBiIZ1r4FvfwNEYwPjgFekAWsuxB2PxPnwLsmM5_ggKDwKCi9ByTPh2e3xbBwiHPDI7Zm9yyU5lCEoizZFfibBhrCDW2WrUkVt9jSSd1xRX92xnI3HvsknmDi1G4mTAFShyf0bZN3_GkjHrvXEItGr3eRNyhmpEb3V-zfrwMcdgf5QxbF71G-ClHUxxf8LFflHjShW_jkA7fVC7eBPez-nwjcTYKuReFRGQk0MGU_D9sfEyhFkXHqmo0aRdb__-Z-keMH8UBHXSBXj-DlwFG_3C8x1iq-pxj_wUApvpNRNLMPxCizXSztNLcEysExV61AP1ezcIPt6t1dl2Jyvf2C0OEOVnv_l48ZvyjfmP78vEvKLyyklGvBGCGJzyk9kitQfMfY2uvFpzncpp32UfoDfoqAdBfP9jFAG8yRA7h_pjcbYrREY4BJ1-noRGFiOkH5s-LpdESAfbDsHQ67_PUyPxLKJLisbE=&xkcb=SoBs-_M3UPhDkFwc0J0JbzkdCdPP&p=2&fvj=1&vjs=3
full details of Training & Placement || UX Designer,Precision technologies,Remote,https://indeed.com/company/Precision-technologies/jobs/Training-Placement-Ux-Designer-0d1bafd96d608c94?fccid=50063d5eca82e2b2&vjs=3
full details of Software Engineer - Backend (All Skill Levels),Wolfjaw Studios,Remote,https://indeed.com/company/Wolfjaw-Studios/jobs/Software-Engineer-d02eefd6b5923b34?fccid=be664bb53cdcedc6&vjs=3
full details of Python Developer for a New York based Search & Career Development Portal,FlexMade,Remote in United States,https://indeed.com/rc/clk?jk=03d6e1f7cb8708dc&fccid=3c06fcf583b66b60&vjs=3
full details of QA Tester (Ansible /Python),Atos Syntel,Remote,https://indeed.com/company/Atos-Syntel/jobs/QA-Tester-a21604ec498a8268?fccid=f67c57d420c3161d&vjs=3
full details of Python Developer,Dataquestcorp,Branchburg  NJ,https://indeed.com/company/Dataquestcorp/jobs/Python-Developer-e49538293622352b?fccid=e77998b24d888ef9&vjs=3
full details of Data Warehouse Developer I,Alaska USA Federal Credit Union,None,https://indeed.com/pagead/clk?mo=r&ad=-6NYlbfkN0Cmwlr-Sx3CaFG9FbT3PNsdRiZiOnQnZ6_im2ZpyZXISBsyVxyv1c-ZSZHe8V1gCd7S3BicLLTZRhoUNDSbhHkq1wq5gXc-tWYT1fL3_F6SzgRACFNMJKkkt0qxw-REmo_5dzj11-sLNIoBocKiC72iTi8e6HzPcnrvKD5qo3xG8hJCiAaMJuq49UTSLMQFuJJ_Tq_IvKpUhK8SExe4uHMkA1MvTBJpC4Ie7bMHyGZEF7Kp_UgMiXgXwjNtVJvcDEwDJZUgBEdqYK0MamY8rntAsIlwVDnNerwBlA78oOrCsH_AevWJf4NW26snjC4WtZI0XQZ6_qmP6L-O6G7E_otwXuaw-eUwFRBEcDx38p_sIFThZGI1hqIdrlGCmkYgPPDBUtqk_OP7WNMZZqg3aXUAjj9dOa27-zGpdfGU2albzFTroXqo09PRdAYuB0RgcE3jwm2KL_M8iwSACKH0uZSVfTNqC_tBczG-DPrHS_XKs_fx96HzOK6m-ptJF2jlHZtNt0ygXbdNZwTADIS_kBUjzenP9zNr7bNyq3d8nqvrjB-0Izg8HkA7dw4kdkW0K9X7mqnnP42TDOBJwebp0slXw3WRXqFCW4DMaD6p-l-EXK2-SVp4KQuRFRJgEH6k1HKiH2k-8FN-jy9yIaqnTYx9hTukjNludwwRGtur55bVUpTb7QLzRlHVcGpThRADWSH_Mf06MOHFUlvSzIB9fgXE41kp11GzdpYB80OLw1T_ALXJBSz4b77ZO0aft8vy_n1OLOMQDuWk-g==&xkcb=SoA6-_M3UPhDkEwc0J0KbzkdCdPP&p=8&fvj=0&vjs=3
full details of Database Engineer,Orleans Parish District Attorney's Office,None,https://indeed.com/pagead/clk?mo=r&ad=-6NYlbfkN0DCsX1ywcHyER3TvY3TS9PJ2kIO5pPab8mm69VISv3cbAbbN7UCecQWL1oRLIHl6AJpgZC9iLHm76UxHJBAny3qZXvm4VbX7PldY1N6am6Q2xTniBUYzAXuqrUIYdNIlDU6KdYhC1QNd6QdOL2cKIVa4G64zzp7HXiKtShTnNLlyd3QNOdZVDyVAcgowWQE_tZalgUe1mRfdXm2BOZSjRcBlZ0R6_6BxppoBrWzCVZ9k9yjbcpBk2fpz-AYrbPUNIB1CTqUjuv-uPC1EzLwixLTiLeQVXe6Chr3UCDXjO02pMZOPQtdBn7PcdvHXLmmhb6LM9XQU_sADdomJjR2GXYJajSZ0zWhsgoXCbVEwDzY5czYSUAVuOTtM1HVaxmAZpXZr_cRDvO8CVBem_9Xvyf5dj5vjjH8Yz7w_x6bGu55bg1LSzEC8LfMH87OBNbuewTPYLLgZyFD0QJNEgBDHglaGz-amIhG1FUBuf0Vry41Wh2lHcsjZoPmIF2sPkg9BIY=&xkcb=SoAT-_M3UPhDkEwc0J0IbzkdCdPP&p=9&fvj=1&vjs=3
full details of Python Developer,kc synergy,Remote,https://indeed.com/company/KC-Synergy/jobs/Python-Developer-a9d680724323eb35?fccid=8954076980a431ab&vjs=3
full details of Jr. Python Developer,Tech Monarchy,Remote,https://indeed.com/company/Tech-Monarchy/jobs/Junior-Python-Developer-5ae2a9d1e48fbfda?fccid=fecd0d07b28de95b&vjs=3
full details of Junior Python Developer,Super-Sod,North Charleston  SC 29406,https://indeed.com/rc/clk?jk=53cd00fabd47c8ac&fccid=465482674b1c39b1&vjs=3
full details of Python Software Engineer,NativApps,Remote,https://indeed.com/rc/clk?jk=3f31ca1ee310934e&fccid=5f2e7baa8a493328&vjs=3
full details of Principal Software Engineer,Smiths Detection,Plymouth  MN 55442,https://indeed.com/pagead/clk?mo=r&ad=-6NYlbfkN0Ba30U44FCPRjQPWcOlSYZVgBloWZWSFEtPNz5bznWQUDFerhyHeO_FnJOhgUHhuqJpHrV71kzttLUnLLLOJEhmdTjNyZTeF78Y1L3VqqG1CbSnjwTNN0S2vwbPsSsycrazIs5hIPPik3SEF7HBuGomJDcT_ES6YxhQRyKYPSf-YxWYUI2Yqek-glXYgHSD5iS6XXiPtnsXa_f2B8kquKjjmEvoTOvTPPZurwoq4aU-ULObfMX6jaLCzk3weqRZ3nwJd1sdtqeHuGA2VZUICEOuJRb4frss9XIFeajPqbcqhhJP_coFMH-SS9s2BBzJN27GCSb-mxDMZfH-8hMjalUDCcibtgfjMIZw6LZeNtHR5fwT6CBdsGdlfCfKz2fAjpdPB5_kJhwIa2BfZFQCobttuguI7sIoNmly3v9Zy6Tf_L7_eHeJp-OaTXY-5Veh-SQlNeHbrdm_6s6rDdTufOHZoo2ZN6OG3kbREDtXV87uiCWIgaMDhjQcXdsQhoV0pxlwYN8vuASEKg==&xkcb=SoDE-_M3UPhDkHQc0J0PbzkdCdPP&p=14&fvj=1&vjs=3
full details of Technical Rotation Program,Lexmark International  Inc.,None,https://indeed.com/pagead/clk?mo=r&ad=-6NYlbfkN0DlJm5ekLVZKb7yxTrHsyT3lh00AYcz9I8foqHenY7JeVRjF3COlXOhwzUAwOjyApZXuMj5KPABoBve52ezFT-CiAsMAdPTKElHcM2REI8MROwiyJ7lE0LHKVqcvsTrPvc1J9QEuBvDBudkyrQlpyFON85xxQOBLROoijefusTNp0XAHfmqRkCHzeVyHjw5WgrH8DkZeX5AheGkk-Bjy9B8Z2AWspCUayUuZ4x6Fr77DKgn3567jEeDPVyrKntdGTlNojmQxC4iBO16OnrmOIy8eH2CdRiJ8Bjt17bUEwqsQnFUjSo3Ebtw1K-xE0XOrPMRbmgOEYqccJ0VoJbE6I8royPHaViy3dEu4yWHiPUfGcERuu6-UArrv9tlNJGC7kNxP5xc3AhhKyXjAH5dpZAPYBKwuKhlYpkccojX41Cgjy7OjPmdThe_vFtkorwqFIjuRQAzDhs1wmdHHXQw-BdGLCKNWMwIdMr6YgaEc_ZvA5X5IqkG4qYe5646WkyNMMJuT-pwhy9mPw==&xkcb=SoC3-_M3UPhBQ37uch0ObzkdCdPP&p=0&fvj=0&vjs=3
full details of Software Development Analyst,Northrop Grumman,None,https://indeed.com/pagead/clk?mo=r&ad=-6NYlbfkN0DPf8Tf_oakpB62WadId2dzQiWExtALTi0lpCM--zHBL-Sh9PGJR7MUsfmdgWk5rOXzXj9V2Gjty6HTZzS09J7LsGB0kcrt7EkTf5m4Th5VTXfVSv0QQu6z7lO0Vyfv7-RrbC1NVsHGmfdrk_onhLTkuHr0lGqXAK-8DvUrdHhUQeCUnmAKRokBj5vlIZr__TDePjb6okrwpW2x8KRNjVU7EkWPb46YbqscygzEj9jZME3ixvQaLdRMKOh0yujP0Ap4Po_i6MKPBZ7pRh1vsqmeQOkQUYjp5KGoZN3-X5w8atFVBNAENjxLs9trSp3t2Ye3otEtoi0M8XuMEVBdbzzY18c3XwyJ-3Ti-Lxf7-7fm15ueu0i7aql5TLTvc4r4NxpS0NNayqg9wsQ49z2r9aEsj4kdTmOFl9Ube3i5pgbkA8xhyHcnM6xzmyyp15hGFuM9I_j4Rs6zyNyUffsQL2RlkH7j1-d2I3sw3jQsuUn20hAB-aTteVzX92Ermiqzocl-q-3i4eIzz9UxN90dt7XHEhZ_Wicxrh7ykfWFFQowFpHEoJKBz6dTX2lFcrjhsqsGOOvi84dYFFgON3SHBLPk88E0s74TCpdg2CYXj08coP59ZYVw4T8XCjYxFlqY9-6Asxuj3HCR4DTuNqi4pqp0OmFEWoWDiJL1L6_oBwIV0TfBH84S6c6HqCHGZGo3OZFUd5JcWNP-LWAc963w9nzg4HohNdL0P8Pp24qQpjJnCWk_7xcAS454KxYaHW6i05FOhCFK2Rz2zdS3bnQka6UgkTlED6K2jNJs-wphAN_HlY4f9x5QrvyZrbZ6V7q_2PsJqbDBsyNoYe313IlvG0c4_gOIFlID8wf-jJ9T5Keb1Vymkfphkc1gXOrPFmvKFjyzY5fkDg7RvbCCxiBttC0ZJ33sJ9mMGHnqQesekmsg5rkOPj9Ua1OqdoM1FmrB41xWTXvRa7avs_AeY5QFF-NJ1sLhil9FqhxUuJ0AoZoeDKSQG9trerQFbUln1kMvHu1LZ4LQmqdiCY95ZC-Jke3UkNXApnwgVrCd4l2ebMwEgb3G0Sq-Imwu1GjE8hmRVkpyYT5eLgQ3pSGbQM6DGQpkcRhwwI_wTgAF4c_zuv-kTFLRvAWIU-2ucvWRmZIWhQxsb1AgSrYJA==&xkcb=SoCe-_M3UPhBQ2buch0LbzkdCdPP&p=1&fvj=0&vjs=3
full details of IT Engineer I,Toyota Industries Group - TACG,Pendergrass  GA 30567,https://indeed.com/pagead/clk?mo=r&ad=-6NYlbfkN0CKfSa_iZ5a2Lfsz9sAqdZLAn2dL4HrTR8Tz4oEmlQ4WyizYuYWKnymYvHHfidHtfQV2cB6A-z_gKrj9HRnXvdi1pfs2oapPyafNfUk1yL5uCJYhTALZbxApiJ_Z_vGeg5ZShohlgsIFYgJmplYWh6pOOhAj0JogIJJAbdtZcMFL4Ek9tTEa4Mzj0IwHx8ZY2Zegf2sKTXC6ttkiVKzYN6iBxApa4IAEyfvLRW-0mb8xpi5R8UG0YNTjxJIVvlmuJsNWL8vtXB19H5TUzZM9NGh7xMDZ3zIIJY_dPhMYLS8hccOppHxepWPOvW9zHFbDOYy6dehVcqQwBGQkbObzZ7dLTF6N0wqm5ifDJUhLMONrYgQKnJ0cba-yTyccN4HexpfGK_OJQAUHbAAEWltod39wg2CwAhTnog4CF-P2RVgJIYSx0QoMu8g9uRIxU2bxuEkULj51iFPndXU4CosYkgjJ5Fl8sg3RYmprUHen-TvjiMmwxOz1K2_LENxHtvrrXekgFReAxJHPg==&xkcb=SoC3-_M3UPhBQ2buch0JbzkdCdPP&p=2&fvj=1&vjs=3
full details of Numerical Algorithm Staff Software Engineer,SciTec,None,https://indeed.com/pagead/clk?mo=r&ad=-6NYlbfkN0CdXcUcsHs_uy1jdZ8Q1EMt4gicuAmPYE7Z106ZcG99Q0UE-BfGAKphtJ_lvds-fzjDxUyxccGwPHYvdtkmWoAjwUCbS-AgwcK4Tn7THPg_Zg3fLdLrvOfr_BL0YPlh8tCantqP6WfES-fYRxSXfVkre3Q54o-fYesFo_qC4_cds4E6XPhUsECd8HJiyoaEc5t-QnTShKVtJuQFZq2MBB99vPKDQpru_Rl11cQyRNEGj58sbfQyJRzUiqJDsz_nVm6C71Bv17Nypbu8rjGmSmohSA4E0uFO_y_-4l-ll8SSLXKdzRFpmmf-ZtI31CU2n3piJ30pEE3AoOjrUmvGDcxCPBfR1i4DMhNjWQagPkWg8VOmAy7fa3M7A9nuuA1EGJEb2jIDXbJ9b1Jp2c6s8q1k4_498TFBY8cYm9_L-b3yVFAucAGGFkkBujMi-XpJQfuoe0AkFN26jkf6TO0w_tM_5O6r4snUcnFwzsVQzwSC_w==&xkcb=SoA5-_M3UPhBQ2buch0ObzkdCdPP&p=3&fvj=0&vjs=3
full details of Research Engineer,Cornerstone Research Group  Inc.,Hybrid remote in Miamisburg  OH 45342,https://indeed.com/pagead/clk?mo=r&ad=-6NYlbfkN0BMY3OsQGj3sd8Frm-hOEz7dRLaqZ5cDCff8QVJTDRVXWxjH0qnBT6raJOYghGHVaMCrQUTuFUc95C2CratnWzsgdz3q11O8h_uJK9zyq1t_VAPK2VtNCUSDuBwRxWMKp6uyskMhioj9RpkeiDUFHEjkJJMfjavUYJJUq5RoJibKu58eFwRECSQIiAvDKj-cSdUkLRoLEHndozr-BnNtXfCrjhGGLfBeNouTl90zsYfzw8nrlHHF8L3QoYz7bEhH4LB-YdfI6QPN_vpWvAxVZ5xYrjOIWUGmQHzEaAlBlxfGRISF8hUs1FMKY80b0L8WhcjcmrxLrOi0r5sv_VKeATdBo8Yw7PCrJuHLfTAPFAiJx3PcF_9n2cQ7EViwYvQzQp20AbktCddUJwGI2NHapIONSm66kuGbmU_PAhH9WgZz8Ut1zx5GSXpGpxjkcJvBwkztVm8HuVrhry8Fy-9Fuv2PSTufPSNtBc=&xkcb=SoAQ-_M3UPhBQ2buch0MbzkdCdPP&p=4&fvj=0&vjs=3
full details of Training & Placement || UX Designer,Precision technologies,Remote,https://indeed.com/company/Precision-technologies/jobs/Training-Placement-Ux-Designer-0d1bafd96d608c94?fccid=50063d5eca82e2b2&vjs=3
full details of Software Engineer - Backend (All Skill Levels),Wolfjaw Studios,Remote,https://indeed.com/company/Wolfjaw-Studios/jobs/Software-Engineer-d02eefd6b5923b34?fccid=be664bb53cdcedc6&vjs=3
full details of Full Stack Web Developer - Entry Level,Aston Technologies Inc.,Saint Louis Park  MN,https://indeed.com/pagead/clk?mo=r&ad=-6NYlbfkN0Bkb-ytiGCNOKS17COaSWVQYZB8PE4Lo8kSq62CWsDFcV9x-emSzh73JOO2gE-hyEo_2DyTb6_v1zyxpEwvk8_xhbcIzpfv7GbkwH58wfOb_FkEj2ktgPq5ISPQzlc0_q2TlUNAPeQHOm6HtODDFBS3fqqYKprACdO6eLXbtsB9pNO1RAtYl7Z_XNO6islqOoLiCOpta6LdwtZ4Ts-XtSg8ChVQnmStOHFG7HUSl2qIlNwGeunWbl19A1TFeL3Fm-teVBJw81d5g6I71CooFWOQhGVpiXsfok1157AVvShDNoayYJIvey9nsHI82x9fS-vXJM2n1XyymSe9SGjwRkBebgNTlztFqEhfhCgtwbltobXMv3M-a2MQpAMi96ujjJmqLRmxIgmWJc7q8y-sKWizgjv-vUK_sADZzH13EgjojbEjmIq25W2L-712ClatFONkZwqjRtK0ZIF7i499F4KdhjKnuEBv0tJKoc1lTzcSobcS80_CWhPy3QdgV70i6KRjyMSiYS3fJiSqXKLB7fxd&xkcb=SoDy-_M3UPhBQ27uch0JbzkdCdPP&p=7&fvj=0&vjs=3
full details of Python Developer for a New York based Search & Career Development Portal,FlexMade,Remote in United States,https://indeed.com/rc/clk?jk=03d6e1f7cb8708dc&fccid=3c06fcf583b66b60&vjs=3
full details of QA Tester (Ansible /Python),Atos Syntel,Remote,https://indeed.com/company/Atos-Syntel/jobs/QA-Tester-a21604ec498a8268?fccid=f67c57d420c3161d&vjs=3
full details of Python Developer,Dataquestcorp,Branchburg  NJ,https://indeed.com/company/Dataquestcorp/jobs/Python-Developer-e49538293622352b?fccid=e77998b24d888ef9&vjs=3
full details of Python Developer,kc synergy,Remote,https://indeed.com/company/KC-Synergy/jobs/Python-Developer-a9d680724323eb35?fccid=8954076980a431ab&vjs=3
full details of Data Scientist,Systems Planning and Analysis  Inc.,None,https://indeed.com/pagead/clk?mo=r&ad=-6NYlbfkN0A9iRlroMm07lYYI3dFCEt8cETOqHrMaOLrsdITsZByvZoCC-PkIsZ9mbEra9SadPIJ5FpVykXcgpd4-Y04VbMW5MkPCPg0Jrpr707SVtBVn9VViis9KccIaRtQvThOT-VBq4Kapa5czUoPP3fOsBBpc6jYKMnANSVZ9OEyGu7NB5tWtji4qCSGwhD0MQi8tXdcBd0gSTJuCpg4DXk_iLz9RE70eWpjLe99r0N2PHoQ2WRzbdsbDUiqxC99sZzQwh0D0s9jMIxsnBiaBbka4iNfBXRs3POlq7NiSels0QktVPqse8AggejaVL-kdavYBnvsKMCcckgSErDSfj-6ft0qutlahMMkv3mMGGAEbZbvgxQ3etJyS32-OfOk2ft4WJGDNLnF5EaZGJp8i4MhZP7Bb6D408_pjoN_gxikedPtGYkpDCC5chDioyh5iTbnrOs6XmgZO_Vd0rFkLgMIdYnkTY7yLku3JCJ4_CiOu5aV5zLNywH8zlzXLAXOIJFj-GzpAoKs1YcK95_kVfkypx2tUczTWdvrZcHC9KF62eNdM7UjhQOPdjqeZLjpiIgif3Zrs8TbjcacvxRCZwYcKDOk4IUcXDkEayRap0N8CreV3VaFGkb378GkbbukuH4GoUoseXHf-efwvoEAyFFkavhziMSEdjuwJ0iZKG63hBXZR2y-jEWuozBzjibws9VU1hmUaR8kRXZhmNKe3GK4xKAQ&xkcb=SoDZ-_M3UPhBQxbuch0KbzkdCdPP&p=12&fvj=0&vjs=3
full details of Junior Python Developer,Super-Sod,North Charleston  SC 29406,https://indeed.com/rc/clk?jk=53cd00fabd47c8ac&fccid=465482674b1c39b1&vjs=3
full details of Jr. Python Developer,Tech Monarchy,Remote,https://indeed.com/company/Tech-Monarchy/jobs/Junior-Python-Developer-5ae2a9d1e48fbfda?fccid=fecd0d07b28de95b&vjs=3
full details of Associate Engineer Industrial/Engineer Industrial,Northrop Grumman,Saint Augustine  FL 32095,https://indeed.com/pagead/clk?mo=r&ad=-6NYlbfkN0DPf8Tf_oakpB62WadId2dzQiWExtALTi0lpCM--zHBL-Sh9PGJR7MUGrrzxVcOT4lZfcXtxxhaivsMiBTlnT-CfHssbm922DWA5_pc-hzqQC17Oj6IC63JuMrScLSL3_erMApjdecda8QIfpNbqqMmJ1dy34iz7tC8YkiEsT_Lk9EyP5cVSP8joR3zp__oU60IXtLZ_EeShyuzd6lHOZfg99xtzlNLJ6Q8Ds7Kpb-B8GXnDA9GwmGduhyZ1B-QBadu37XCs05lLsAGzspQlnAUZShGoNIWOa7QmaBxxKkWLbt0RgMP_JD5wsCuNo6vlDWgEVlL56vS9rk_5ZJr3lqFZo7lsgWkgwS6TQC53TRMdSajCKYS-C7ySTMkECUBDnOHhXgp8Fp2aZfoSwt8Hu_ZK_gDKHyI8k_asV5O2LqRCXiSrF562Igi8Lwp8eOjeuZL8FahjRA1PP3LmG8gZbM8ewXX5tzw04eUmb4xSopYVo1HbcMMMTxEFLIJz-aizx9fX5Q2LInFW8rsm6W6Q1LmSSNIlkIohuKYAjyKd05kYP1KI-7YCV9wdYfRGvc4Au4pKcyPu8SZcRidY6ReM-4-V66Jb1JSuGPzGWZMXoC6eHLCvFj-JzFzcqOXFx-ySY95GRFvxvDQMnOTEvFltNbu-nLauxY7ax7iTObRyPnWPBRXDsO3kS2s_WzTd_31SH34DBEEw8gsUKjOJ32S_oemJwHm-QVOJPIBpdp8H6iV50kHGTb-6YX5siXTqU6bad8K1J6v31ztYA-GZjfunzZLJt9j_v6pz_BuLaeaX8puTGduAJFwSsne7DAIvyODKJ9gM807SvfxcJq3kX5LpvxMBmnpY4Y_klHS0bc7PqGP4iVeIGB_JRBXbOfMAvnlMBURCeqwItsSe8LO-H47mkWVKlhi8eP_rdhGYhDhXEM6Fo4xzswEIXDyjE-rCbHBJYC6Fgap0L2H2S-1cDErAz_uYSRodu-4z-Gp692TKmhYVxft1nA6Vrk0p0MqMo7QivLqZ2gG4nauPxo9T82f57VS0AkBA3Q40fAeqjW4N8aBQzswhhCnYQ6CfoWdgKuqQqS1PF8lQV3tZAUHpW9MU9stOzqCYhibUKyJxjXBJD3cQhP6mqUNWzT7_sFp7ByHzgLyojdcNyf_rUvNNg30saes7MnG_8gEu33MYBDCYSyg0WoTL2P4BWnX&xkcb=SoDd-_M3UPhfEzTdcJ0ObzkdCdPP&p=0&fvj=0&vjs=3
full details of Engineer Microelectronic Semiconductors,Northrop Grumman,Linthicum  MD,https://indeed.com/pagead/clk?mo=r&ad=-6NYlbfkN0DPf8Tf_oakpB62WadId2dzQiWExtALTi0lpCM--zHBL-Sh9PGJR7MUsPcsAg-PY3KVn_AExuVqerl8S7VlEKzyB1fHkV-uu370mmEyIuMrRr7-_WUQPWcv-APMey_QbgUpcn8lDklBRd2kqZiiRClX-cqf47Oiw3bTW60WrRFjX9kwss_Pxf3Cwslb86WsuqhJnP_E__KcHSGDtGBE3vw1K205MWAXZThvvgDoXzsGQWG4NHet_OcZ16k_tlnl3axJHniE4NgnGlk-qKGXXEPCyk34pzr3TBfeKklOaSbr-Z0tVlJeP5LvbjEt53G4GeE82mgNoU3i6HQ7dsOGsNpyQ0YuSbMwQ7mVVYjYKykIFHXbQcrfEPCk9OHAnvR6qI_YZgKSMQOJYZHrQfFPiwDngJLYse3W4tRUM7riP0gE3EXbLsNgtL0MFVSqowCIbg0I8iSdAOIUHINouk-leFqRehh8cY9P1cMvIOlZp33k4h3WvycD22UMiqbnWZLID7Z23e7VhwbRPjKsYQ-a8hA-OixI3FjV8jPNR7WH4gbh_COcPrnSoFgtjYhsq_SOaURc11mv31mNb7gutULaevlN_V8SsJJ04ftvArk8vqb3z4fgI9l3kQQoPqmqKarRy2RgW7xoIhuCgItbrDh5GV4yOjTzJzq6sKAgpyGbkXCpjZeETGJctpPcpniA3NxXwBD9SzHRXNUAEMahwMa8ALRizIO4FFvA2vpdRiKgPXBWxBKWKj7zKqi0h17MplQ1S-WTHVg6ZEjfoBFVdInrBv-puuKEcEaMIGJ-7G0JvbV5KjcGVCc7mRDMPNcJiGAdaxqgBY0q6HTxJWTXrvRttpgHlK79bVvjBYcjXEHt_V3CTPyxNSTu5R1sV5AlYWwUp1MTQNJukiJl7ysjeXtHuT2stuTb6G05KNhIOcXB5sb2KwjQlfPmaxOwetBj7aTCmeof1MrON6yHOmIkFozigXP0iIXBiZzqsOtU4JfmKzc2XPl1-JzQj35VeV3FuXpEnr-WCNakqgSD81LjX2ajEwRx6FfB6W3Lz5NYz1mF8L2r3ioHrAYRjDCtYDVA6ZofuwUokP8KapNVIbpzIwPNKx5vbrzqBWGBRgAhxXBQf0rSzh72jJLAzVacqHdP_tfJU7XzDY85eqtKkwox63hYagx5&xkcb=SoAd-_M3UPhfEzTdcJ0DbzkdCdPP&p=1&fvj=0&vjs=3
full details of Software Developer,Colony Brands  Inc.,Hybrid remote in Monroe  WI,https://indeed.com/pagead/clk?mo=r&ad=-6NYlbfkN0C2W0G7-kAQGadi3E2IlIvrF8ahXgDN2mgxUNs4jPn2nKWOks-7Bi8ry1i0fX5BGnGtO4cZhU464DxGpatpQGWNlqYJQCXT2PxwJyXtQWC3oAh9rkn5x3-gfmEhB6WVsqJRVrXx-DejBhrkirMtHWLGiNF7pqSWuyKThpcDpxn3F5Ji5hBXJLVhcaXrWwmjfAp0nx57-yUQ9lSj_orwY_8Bbw8w68lVZcbmJGft3ZQWSQt-es7LhZf6WYYeC9Zq1w-e5VgCBeb9p0raQybuQ6_rJ4fRx-CI4niEIguZyznC-sLV_3HMRTWIY1pFHO5Gck-cLMt8LMJbbh3i8azH3d1JDglnhziPZmW05q2f-eTg5OpTTZMeKrzCjZ3fPOtWZe6JUx3FRcXVAWDEnch1nD78-ohIT8D2Tppf_XOKcEY_cdo457dMvTGbPC6VCfTLVLwohYhN60jC5JU6M3_0fD-TphBPZRLbxBVAL0i_ZJPcRPPf0_j1j7wZSKWrU4Kh02X05a7OGFfYnVf36UOJOT7SHkg9KFuZeWZDxfKXSu9PDil_VcdpifWhvTxLUCX1Hs5_xX_0dVxjQjiX7KJmZlJmMkACOoLqx3xSkeIILI1XTvPXfDe8OICKWXNZtb6hWbtqFQpLYOsVimCWIGSO8oaAPN65AYfMFfA_4Hku7uruaZwC9fsXXsWURYH-wqA2Us48Vhvex_RfiaIFVPD7Qk1u&xkcb=SoCp-_M3UPhfEzTdcJ0CbzkdCdPP&p=2&fvj=0&vjs=3
full details of Training & Placement || UX Designer,Precision technologies,Remote,https://indeed.com/company/Precision-technologies/jobs/Training-Placement-Ux-Designer-0d1bafd96d608c94?fccid=50063d5eca82e2b2&vjs=3
full details of Software Engineer - Backend (All Skill Levels),Wolfjaw Studios,Remote,https://indeed.com/company/Wolfjaw-Studios/jobs/Software-Engineer-d02eefd6b5923b34?fccid=be664bb53cdcedc6&vjs=3
full details of Back End Developer,Underdog.io,Remote in New York  NY,https://indeed.com/pagead/clk?mo=r&ad=-6NYlbfkN0AMrEUdIxhUDi4JaB8HlJ3ajS0ipebGaj6lY-2pm3XmRxXWOxjQpAJ_HxWmbKIJ_-dpQ8Z2Tj6yYDJki4oyroO_uctWYbH10mhMpPFu1AkAdcApzMC1AirOyGKk_828GoKjYsaR3liUnSWzlrpmn7JVOzvVh--FGYAQwIlTuLnYRUBnlc98VeS6CvdchDCEgoZj-pH4yn_WCzIZ90XWRXal11QZ2d8jwUZMVAfrF9HJLEqI3W6bB19ATORGWPDBVHNrFJywZqHbf8ehhv_IoA8omI0ecRPOLeEj-W3fNbEV_5TUDvm8c1xGAeLdc17gtEoWbA5TVo8VL4ft_KfFg7NdAvqUik4-zMEdRWjQwb_021vxaWTkf7QERvT3wa1zL0i52X1-DJOuDVbEWqsqvwqITK8bYe67YDGPtSmQ5G9EErE_v_fB5D0RJ7nMe4WFUbZOwQziOqNInMQwO8uLbzQSQDFnfBjjfodFcjf0z-6MdMbxZDobs71CmKY_WyJjcBT7HW_rg3EpLGuj6r6N0ioNGlo3rcDEss17251ctQWTX0ExTO30YBqERGOz_6Dmi8L9CJJ2BrN_dTJkLh1jUGOz51Xo4_ExF8wn3xBnErl5DNI7jKo0ASPF4OlBZHi8kiVuXGR3Vr_AQvzEMZu8yKHimKzmhNIE0nohuH3MtMRdCA==&xkcb=SoAs-_M3UPhfEzzdcJ0PbzkdCdPP&p=5&fvj=1&vjs=3
full details of Python Developer for a New York based Search & Career Development Portal,FlexMade,Remote in United States,https://indeed.com/rc/clk?jk=03d6e1f7cb8708dc&fccid=3c06fcf583b66b60&vjs=3
full details of QA Tester (Ansible /Python),Atos Syntel,Remote,https://indeed.com/company/Atos-Syntel/jobs/QA-Tester-a21604ec498a8268?fccid=f67c57d420c3161d&vjs=3
full details of Microelectronics Exploitation Engineer (Early Career),ManTech International Corporation,Chantilly  VA 20151,https://indeed.com/pagead/clk?mo=r&ad=-6NYlbfkN0BrkGAw7VGTTnqsFJf6dWxF89xA6YoUaNLrpGgF8xRh18eTyqQF5LRSPxg2cqyLp4xBSf41H3VXPRwfYr-42L-gll-TntAjXeueYEJMHAp9uxCtWHXke4zXVvytVff-rcQCHwShJ_LEt28SbOeYGuSe7Nz_WwtoSAZzSFzN2G2Ke3waX7ULF63UmVObxRfTiAxsH1pcjM4QJ79vAGc_eL4jh5AqREUR_xw8Mad06c6ji6yqAAWq1gYWX84tM4aTQLALo52eJyoI4njO-Hc1SR75HNo_naX6CAHQ88VmwZqt64BbZMmrXq-1sOKcF6ppJYwSIWeR0vxgdXoNi_yniNuNCdbyiipdYsk1C5ToLirVmSrKytK7DdEl5Ar--Ij5QwKyD7WvIv1cIuVw2caAi-4Qx1jboqiw2f4O8wmT_KnDC0EhGmXWsXfFoEw9Eqb-nzU_svYohZ8-du1wVqTKUjduk76nKiKySoPdqpPEl_YhCQoMXgD3CtZJ_FSlblzx66jsmBYKvMaxPEsV6kO2n5egf0eNAgvxA2zlDOLzlaUZuXRoX8hD-CLM8LeXUhwd66oIJDLEHj71bhpzPkR8HjCm8APcCg-Az_lDE8LAWoQBRVuzghAePL0X6zJHhpAHDjyAmC_0-cDFcGiSYQuPUFy7bWH59ruLOZg=&xkcb=SoAF-_M3UPhfEyTdcJ0KbzkdCdPP&p=8&fvj=0&vjs=3
full details of Python Developer,Dataquestcorp,Branchburg  NJ,https://indeed.com/company/Dataquestcorp/jobs/Python-Developer-e49538293622352b?fccid=e77998b24d888ef9&vjs=3
full details of Planning Application Consultant,PSI Metals North America Inc,Coraopolis  PA,https://indeed.com/pagead/clk?mo=r&ad=-6NYlbfkN0CGJLGNAa258b5f1eBK_AKCLs3AnML2vI-5zvdFshBtgFp4Lh6WUfODVGPUO50oxYuRkcjAnrs15z8w82WoYuEFJ4EsikiZMUsiO1gyRLVxnuPPeWxDtmIvErRfp6SNdx4xliUNZE9PzOZpYHbOQ01yhXHIKekjJoaesLHw7SEVDaXzKX6TQV6ysNCiGz3QF5dStVSRNwldpoKVh3ZlFggP_bpVWSr9CasqerSwXNWnddgDufvb5prXoh7G0ZahqGUKXtLey1gV4mlT_8gptQwPYYeVPmkSBF5WRxZROdvFM-1CMK_j5SsyvayiYjXSpXJrKtC2D8dPgqM9jqw2ZC5oLE5EWUbcy1PCw0Uql4Y42HJx3kaP3f8neARKNeKcgrNCwPxPQt61O3ZtkS_qm4YUjWUhGyWNdRQHS2xCtfp0PCjLY7LM_Lt0U6NVGsj1Vinu28Eu0t38iDvc1aMTCclkBYYsgDHgfIEHxZK9kxJM1pJwHEym9NnYuCBjqARNEEL_Zyar5eRNmQ==&xkcb=SoAW-_M3UPhfEyTdcJ0ObzkdCdPP&p=10&fvj=1&vjs=3
full details of Python Developer,kc synergy,Remote,https://indeed.com/company/KC-Synergy/jobs/Python-Developer-a9d680724323eb35?fccid=8954076980a431ab&vjs=3
full details of Senior Linux System Administrator,Torch Technologies  Inc.,Huntsville  AL 35802,https://indeed.com/pagead/clk?mo=r&ad=-6NYlbfkN0BVhUjQACVCa2KaX_w0y-XWBjY_n9X52WtywBb6FUPAWcPBhDjjkn8uXkSEyAq5rI-FmNOB_IJw7fqheNCxNe5NG3-C4TwL05blEWJIm-jEOaB6J-4XVbzQlMekMy5QdaxkyMk9ee7WK7b_ju9WdXYKooXapCwVpsW_nxwg70EXqA2oXYTo94gW42KBq_7jKoleHJqC1baZx--sGL3VFndH9Fw-9QnsLHIkzuWy9dSAF_SuwgmuU--j4MKyftH7I8gSuxNeTlcHm7XqmzE_BY_0Fk8wv9N5Ne5pZTYmUpXbb1NVlfakg1KLz0GmJxMLwthAAQKHx-ockYF_WEZoxtqtp7qKADGFNtCiPhemtohcbqWgZmBvejBB9wJAAX2hgIyrvHc2ROvd21-IQw9CPLoksEsbFpA_H7w-OjSpsQgvwa1g1uLtDorrDNs5bkJIbwq4ha9QUcrugX3jPwu2_KP9aWUzhmvww5nUz2fYh5mKA_CjN9nrmBq0HfAVMBV2CVWyW4viHqOJadV0xtcBl2g-hUq2wexbdrNxvMMa0NpJpaaQ6IHIFx0m&xkcb=SoBi-_M3UPhfEyTdcJ0CbzkdCdPP&p=12&fvj=0&vjs=3
full details of Junior Python Developer,Super-Sod,North Charleston  SC 29406,https://indeed.com/rc/clk?jk=53cd00fabd47c8ac&fccid=465482674b1c39b1&vjs=3
full details of Jr. Python Developer,Tech Monarchy,Remote,https://indeed.com/company/Tech-Monarchy/jobs/Junior-Python-Developer-5ae2a9d1e48fbfda?fccid=fecd0d07b28de95b&vjs=3
full details of Malware Forensics Analyst,Northrop Grumman,Fort Gordon  GA,https://indeed.com/pagead/clk?mo=r&ad=-6NYlbfkN0DPf8Tf_oakpB62WadId2dzQiWExtALTi0lpCM--zHBL1trAzPQuAwgDIBcPqMXQ2nZmPzj5HhfHaJVOklKeehCLlYozQ5OfXwbKOD8dAWJ7p9mUplqt30-UH-xiCPebcSfUUD3Bt76D5sH1-J6tjPH2XUYPM-Uom_oplX8Sv5URrVmkBk8eH6zWXE4OyOIFHZW5QnAbadhJ3X3XWJY0UFxsEDLvmaq-PtlvzedGlB89QO9V17snnO3H1OdBo5Wh8eEjr4pz6wTDOVe9lj-JBXRMchqL0yYZZ93Bh0O205b96wmdAVEfRAF-oDhzjY0v8dLjTIJDt5w_K8t81Z12cL1it_C2iOA-NxSTv5rRf3vqhOs2Ay633zNQWDUmge3fyY78eA6rj_yRWU3Lu8C6xwSDeIAKWt-_hQ3bTsAcQ1T3bX1_s258XqVLLaUgvyTTFb2SPLzLngcA1P01WLxmPw0tuNRG4VQp1Gix0gviVx3ifhmqBuooKezHd2fwNxI30a_j9KCV5jozLbgyEFgVjrhVfbzvtYH9zhs1knG1Bp9zDNdwss348O3PjZ9Ataoau_yDwZj8w487kr-9s8zgMhBZGZuGy0FJhoFe-YTRpimbqxI1YEXK4rFy7bCQ4G7fQj2m0sU1tczxGud7VkDzgpSi1nrXc7vclRKZxmJhS11qy5d62JxbdIJCUlXFocNCKqVHNIRX-4M8MKcfu0SXqoxBo9tu8KV9Zay9tQKpdnqCTeetwd8FgNuGIMvMB8f31-quPPvZXv6PBlofkhtS0IIQ5h91nCucReVAK2fLDtyTFZEEd_h4bshpuWGIzatZ7C00fGMdqTo2nJxelhkPXqJxl-p_3X1gNd5_lNowpVmzwuQsywAfAz0XSMf0h4rlCRkoWUGK4HEcNgyqxxfpbLkBIH_mUZP6NKEAA1pAcJOaRN6s6CZXvhB-eLZqu0kKGHXRcgIp_r-xlGFub0vO8kMynrpjNSjGojjMZvdY7plrE6iNxnu7pa0sUKlrDnsVyBSX3uepPZ0O26W6AwveaEt9UoiHjEdjFy884TFoJD8QxYH1ADk9QUB4eVk6yxjMnyPfqvqIY1ynXCqdD0mv4VDPPk5wBSgPvo=&xkcb=SoCq-_M3UPhc1IAwxr0LbzkdCdPP&p=0&fvj=0&vjs=3
full details of Simulation Software Engineer,Hellebore Consulting Group  LLC.,Fairborn  OH 45324,https://indeed.com/pagead/clk?mo=r&ad=-6NYlbfkN0DDxwyYdI3lstoBHOhv16r451jZBAx5o4zgMXKx5ub9N8sG5_y1kfjKi7hse0vxxsCwbbu1pNSrU52UctBPJkIroUH1fh_xUykqMJCgvXtTrMYU26EOmmu-z4-3QOZqSz8kvfC-UdcTPD7yW3Dorn7ruVYSrinpZobXNxQhRbpxfUmusj-ozWGnAaimhyK0MGpo9c3qGJHONHcfm6NFj5b1d6ergm2egOztoRLVW0ObCGpFVW6aPI5cg4Te-nzPmKP8zmXhUYdo5YHWIbPO4gH-r8faHI6PRm5phhOARULIKHVmrz4XyvjgnBTharum_mFL5IdwLoTVdusGzOT4Jx7Tq_nxxFQimaZCeENZDYB9uUdRHrgosmOZFc6OCBPoADCcj6RZZ2MVDfrVaKa0ESlKZkMZx-HE-kGwVyJAfNQZCHsbklbWYqJeXHBgmjS0oCKwEBf9SkQQAaUWGKudCmfgv3DYN9izaEo6jFw5Lc7xhx9sTyw2af19Sha6w2-qXchPtFKZDuocYw==&xkcb=SoBb-_M3UPhc1Igwxr0KbzkdCdPP&p=1&fvj=1&vjs=3
full details of Software Engineer - Quality,MSA Safety,Cranberry Township  PA 16066,https://indeed.com/pagead/clk?mo=r&ad=-6NYlbfkN0BYpl6mgMJcFDnJi11WT4UTRFlBKiRR23kl92KYnUYtGBWN9ZHln1gFdOiy6e4h0o0EZgnmPCowiDH-eQshOyryu4Ij3YO5HvY_VUHueOWCwIfDdfy_IjmkRK9edh9xj5gh8JJfiV9eq4M8Snu_Sipf034Q22lToAGQcut7iIgfOlT1YV2vJLfuTTbYqsuNeLw7BzMrE9pgaoOTCzWJlTcsBIroGdrSHheVVpx4E6MVFgeS4qnqWidmja1T01SnCiUm-HnNQD5jZ69VpxLiHcd_g0z70qA9J3kwIgLvBkj9a4OynzumbfQLF55Jta0hJ_-YMM1ZE-m1AgX7odQlXjQn415yiPsvf9fumuyu92A89-N5Dd5jJBOB1jZjhnBfnXu_DYfk6nrzgrFv60m_EdgqjV_l2fcSrXCTU1JxUgHmODuDQQGV1UjWGGqSXBU2gLr0Cd5IueABQDf24beD6RQjYEK6oi2Ph8X4DNNzhGCyi2ysvgeiqkZMt90ws-abrCk06lrL4K3w6G-Cut4y77PvN3hPlhyPV5U7Ef4-eJ0rHygzIl95YJ-BGZrbBON1dDil91Fs_whuwwFLOxlU1AN4ITYX6wj8fo4iYm2oVvGmJiydeXxZCOGb6pOj6IZmUTv_NfEj-Qdrl_bAtY5wM0xNr7mcOSKrA3H2mAJxQjIhHUCWDUsXiUr-tctOx6BwirZKn9FAQDApaXpKSnNeFGZiIGdC0NbLdlq4z9WTeYWdc4kg1A_cDgoXSJATprSwEh4mKeYK9n-Zvz7jf6Ij-y075peYg7QR2Z8=&xkcb=SoDG-_M3UPhc1Igwxr0JbzkdCdPP&p=2&fvj=0&vjs=3
full details of Spectral Scientist,QinetiQ,Fort Belvoir  VA,https://indeed.com/pagead/clk?mo=r&ad=-6NYlbfkN0CJskYdSwXviOzwW5-h-1NOhtxJtbOx1tWfQ6Hm2ydLEwDiSUFbfKlmTEI2lEWpHZsKJxTROTI-WZENGpBmFJkTNc2u5exQZeWlOFdENEKH8PoBl5Jcs0XPmVmnYdjaG-_vc74ztbdfQ7HJz-TDYD4gZpQOgRNOZtmiRdKiFB5cBx__6vV57vdrVO6pCvTIZgH5gsB9F3Z-0bQtYlRHvtEUGRidSZc4wioHARxFZ-kNV9I3BBD4B3mqHvBz8sgbh3MhJYUYwhuyRdl9FPIw8BaAz1cPaelR3nosx_TU4ogoiqAikiRNnwFsMpYz9GsKtLx8IJ7K6DTEDauTtPspuANnccfL1O5bLGPpQ983Yq0RZo__aAoM0ZSuKCKELONh0Y0LnPmhsQx9OB3kXTFZQga_hW16zLlTbdhUU2ZejNoc6qfDOuklgzOf6Yjx62esos7E15xTVS6uG0vu-X7Y8HtturBSQl0oGtsCguefLVRNMS4G0FKMyf1ysBRyYFIhUWoknOTe6nUyTpD06wwVo0kax2k7JfV1CITLSmRPe8VfpGWuLfJD_bCUfJGKdG_5OXjKQ9lgTA0CcnwmEqmkeHMo-Xx9rWezSVCUkp20x7oCSBuMpnjiUCes0XwwXZIqL2s=&xkcb=SoBy-_M3UPhc1Igwxr0IbzkdCdPP&p=3&fvj=0&vjs=3
full details of Training & Placement || UX Designer,Precision technologies,Remote,https://indeed.com/company/Precision-technologies/jobs/Training-Placement-Ux-Designer-0d1bafd96d608c94?fccid=50063d5eca82e2b2&vjs=3
full details of System Engineer,Symbotic,Menomonie  WI,https://indeed.com/pagead/clk?mo=r&ad=-6NYlbfkN0Aizm5QAxEFSe_9j0OHMQ4_AEOV7_KoSa2HKhHLb1NxDnYr3_e85mejwP6-WtXpgzdzWyEH2_3QUcqY5pMwRRDLpnpIlAozpfUWhmmTf_3RMZ5iMmJD63FGxjm-bpTYqjsf0YIJ7bldG30axR2WvGZ6xFT8c88LQ0sJlrGY3V5pKTHPOkq84h6YOdhYH0QA57B3EZttFrnQg6-Gn7OnPTw30n9nJfbYw-6KaKNJNXt4q0QL403sWnyOxVX1DlS0m0K5rPnsQgjwbdWtwZcqP4FeUh8xcv7b_9L2XDHFIQhdnyg_H6ep-i6fCw5Vb6k5eeJg1TCJaiGYDGtpazqlYQsP6bBj_1icnicLpLr53ukhVEPMfNmz-G8X8z0nP21eECdAr-pyCK3pAHsIr3Rq8pJVur2SDESOmqbYznx17rypG2Gr5RtZPLZqhkw-ocUZeHkbHbSnNwh40B8e6MJ5Bibaa7AVhLOdxqbSa3296Q3PJuoGF7SsoFs6KAesgyW7HB5_66lPldibsQ==&xkcb=SoC2-_M3UPhc1LAwxr0LbzkdCdPP&p=5&fvj=1&vjs=3
full details of Sr. Controls Engineer,Zoomlion Heavy Industry NA  Inc .,Hybrid remote in Franksville  WI 53126,https://indeed.com/pagead/clk?mo=r&ad=-6NYlbfkN0CPpAHAB-1fs-m5Rk_o_jChiUzi14UJ3XHOR_cpRtA5PWQ4OITuaQ50mfsO0TkMEwhbTg9QttsaOGJRemyoNsb4-x_9FySDDnmAOLGtVzDDMyKXARQO84M93EG5aU0HZFuUzzGkxZFtxPVfXuR7uqlpCTJdTnzwbCBnf_u83b_LEXHFprLqCF237PqoBFPRbbOhJjAvc3h-JFEaVEIGGKSNS2PvpV0igwXQZzI2UyrO2j3fZi70taM1I8-uGo6bD78vi7-mkRgZFSs9u7EgY70b2HBNRxz0r_0nNcc7iHA68AAzK_uEglFHLMcEJjorgCfmJkQnwO7J3N0QwV4yoqvzCr6GD36f_IkjZ843xcy0_yBQtI-TsdMtLduRPED6tR65FtlwD2XM_Nel0gqLlOL0Fp9iL2sJ3fM303C6V0CVCjINJ_Y1pCUVLk5gTMogpeMzuiVk9y2d3--5ZAe589Rj4TKUPWjAZFo3epKJoPLVs6aRB2Rb05QTljX1W6yP819oFOhFu2SWWg==&xkcb=SoAC-_M3UPhc1LAwxr0KbzkdCdPP&p=6&fvj=1&vjs=3
full details of Software Engineer - Backend (All Skill Levels),Wolfjaw Studios,Remote,https://indeed.com/company/Wolfjaw-Studios/jobs/Software-Engineer-d02eefd6b5923b34?fccid=be664bb53cdcedc6&vjs=3
full details of Back End Developer,Underdog.io,Remote in New York  NY,https://indeed.com/pagead/clk?mo=r&ad=-6NYlbfkN0AMrEUdIxhUDi4JaB8HlJ3ajS0ipebGaj6lY-2pm3XmRxXWOxjQpAJ_HxWmbKIJ_-dpQ8Z2Tj6yYDJki4oyroO_uctWYbH10mhMpPFu1AkAdcApzMC1AirOyGKk_828GoKjYsaR3liUnSWzlrpmn7JVOzvVh--FGYAQwIlTuLnYRUBnlc98VeS6eFCL4mOLH6qIjRBtJ3CRa_GUf-v-5cQ9yuItGzaStyEcaRmObMgLvvyvJ1uUvTbYFYUPFDVN09Jw6Rnu3QjbvRX0VuGWuUikIIYfzCC2HuIgJqHmpp3J_7QPX1xexD60fnLebE80JqbZUKcN-mnmLWzo_nI9btVjThKRgq9EC2TItiwZiMNDYd7qFcm4f9W-D_lJ_AJAZaBStKxK9wG_kjqxQX-hfBuNN388RKjK9aqpZm8dowhST-Gis10KuUg5C-WQR8cq0vEhpyxiXh6vxPJiBnU1NZICE7YpTLbuhjrcA1-7KauzNdvOw2O3BdDrujOpn6MMVSvfDKZQUV9kvol3D9F9J_uw-642qx0Rx5_9JXdcTuxbjAb4Yvbbj77Lu-nF6CIvLnBT6rWUFUD-j3WRm17FN6JnvS2l9MjcSsmKirFIUm_xCK-j8KmdtYAAUxom3tWV9YKy46KQakbvbkCN7t4YvJryhcaW_ECeDf2jCkodrBK0ww==&xkcb=SoAr-_M3UPhc1LAwxr0IbzkdCdPP&p=8&fvj=1&vjs=3
full details of Python Developer for a New York based Search & Career Development Portal,FlexMade,Remote in United States,https://indeed.com/rc/clk?jk=03d6e1f7cb8708dc&fccid=3c06fcf583b66b60&vjs=3
full details of QA Tester (Ansible /Python),Atos Syntel,Remote,https://indeed.com/company/Atos-Syntel/jobs/QA-Tester-a21604ec498a8268?fccid=f67c57d420c3161d&vjs=3
full details of Python Developer,Dataquestcorp,Branchburg  NJ,https://indeed.com/company/Dataquestcorp/jobs/Python-Developer-e49538293622352b?fccid=e77998b24d888ef9&vjs=3
full details of Jr. Python Developer,Tech Monarchy,Remote,https://indeed.com/company/Tech-Monarchy/jobs/Junior-Python-Developer-5ae2a9d1e48fbfda?fccid=fecd0d07b28de95b&vjs=3
full details of Junior Python Developer,Super-Sod,North Charleston  SC 29406,https://indeed.com/rc/clk?jk=53cd00fabd47c8ac&fccid=465482674b1c39b1&vjs=3
full details of Python Developer,kc synergy,Remote,https://indeed.com/company/KC-Synergy/jobs/Python-Developer-a9d680724323eb35?fccid=8954076980a431ab&vjs=3
full details of Robotics Systems Engineer,New Balance,Lawrence  MA,https://indeed.com/pagead/clk?mo=r&ad=-6NYlbfkN0A-NHPE89aMEoKiA8B41Hae2nLWj54W-Qo-xrCvCh0mhPLJ3N8Uwk1-5xdUK5lx9ed66mi9_NOGndICnz1PoTCv_zw7QsD4TMlE99o4FhwVVz7zBDdljs15Qnn2uoucoZiNpqOLx6Dq_1bCd12RizLHhYNpHxIx7ppgqlrTyAK4F75x1eYmrhCmBuczTWEhH0Af5YAnqgsy_C18R5mZEGuWWdtS3qSQzc8zwX4NcHGFiyIFVoOr9bJ03So1i__fQxF7dHE7Q1m2kkGQtxny5Ur1LBIPqQkE9rMn7GAcR_cVjlfpdFusARDOiJKXDkjtpHN4d1KWw2Q2DJwPbmLufSAK7ZKsu7Iu0vw3OVw-jqAv3vENDjiYOhxIMht51oXpB7_pdVIUwyJjOZ_lIU0KMTiLOqKF2rfHwbTEcKZHphjQNMgO_P905gZJAVSpXL5F2DF_0v-AEW7MPgl4Idf-tOEcebTYneO6pQcVdcP3LYe4i0KOunamxyhQTHPle3zJGzkH5X3tn98IVg==&xkcb=SoDk-_M3UPha5uAVI70LbzkdCdPP&p=0&fvj=0&vjs=3
full details of Quantitative Analytics Professional (Hybrid-3 Days in Office),Freddie Mac,None,https://indeed.com/pagead/clk?mo=r&ad=-6NYlbfkN0BRbY23MpHuD_kgIf5jf2sHAXgp_p55tjlayGMIQ0Pgo7hjlYQRkN3r63Ykkx-ySW-1e-DJjQAd90Rw8jZ7r8HdD_xTrAeH7UF2_KnVv5TH3_9q7rqedQJeUgKDrhkr8r71y489SUpAZCl_wN2kzBBgMj2f7LUTdTcCm-7oPE01U29SG5Rh86DENZd6K0eaJSJvkRXLir7o-rEj258mgHva7yXZjQHYgo6j2sXgXOkg78rXM0CD5UBKKYTb3yPBRaPj8yN5IU1wXBK3nTvuXTWL7R2kTmfGpa6WC8e3enngqh1rVnyz8q7v49ZQtwI7FChxbIQ14hALfrs5Rw_qmXZZ0CK1239lJs-pY_ntQ0F3iHUgW9bUi9qQpn3wOL108ti0SIThfpvaxHFRcOma0oNa8d891-KHBYKwuFjb-aTgj4N2IK_DNWiR7Rg3CP5JIemZfG2Jd7tAvRgSHV7H-h-mwDdgj9VI_Y9eOaabJyuEd0xHe8DWa9xyjsdaMnUxTuyjwSKtx0_hAcPRzp73iTqA4FrlzQccFJEpXvdo0QBIFiKUAs0fAyDZPduc1hBZlF4q-MtFXliOuRpnoqF8M3YWhgXHwYXDSX_gKiOTdtjoWnrFMxzLAF_UffElt_mzb_9Deub3I95cE-kL1ght-bSpp2GANUxSO7uvl0QHUbKJCQ==&xkcb=SoBQ-_M3UPha5uAVI70KbzkdCdPP&p=1&fvj=0&vjs=3
full details of System/Application Administrator  Senior  or LSO,Idaho Power Company,Hybrid remote in Boise  ID 83702,https://indeed.com/pagead/clk?mo=r&ad=-6NYlbfkN0A8uHYxqHHu12soemkPcz8bdSk-ea996M69n-IwoKQ0yV_3Vlwkhj3b-P2-EdnSxLd88bZNG1eY_rfHvoP-MO9Uu_pQViIAXLVuvjPOflaogw0xIe26ygImXvV0KNCb1fw9b3j6xHnmS2N-fJ1XVmq-dwb9rEulc5JgGATbeigZ4sw9byBa7lyUs5NJI8QgXvYEKwJ9yAxfXHujV59cJReJvHx44gaoC51Fo33E1hX7XcqphDsH7c21H9JY6zqXOl5wOEzrW-aN5DWn0E_gaNfwGPSUqr0DIEZgddbrUHJfMRJJVb_r4BZaWG7j588AWf5qY_Hvc4ebDwgXORv1E63q36XnyZ8a1RX5Vmwa1xrOM9FunAuT6w3LaF6Xi6foNuo8368PIS1kpCa0RxwfelSKDyT-VTPyoBU8QboNpzESP-x1eeCu7cr8IFo3Az2BYiK2G96BkUvVZyJWFKYf-u_RdrED7zOHbsItDo3_hTf16Fw7_0H_PQZl-Ow9zOn7Xpqtx9SGIXJFBXo450XSiYWckyJpKYK4gJmAFGPQBLobMQFbXt-nWDFXnHWzQqu6mQcdqG7_8ahZmZmxUxoxqAQIbcB5suGEKYgkl4Bjtiau6f1LpHIIP5DA2rtw1pSHZeSVQ7xIk80uJa_rymPYo0mGniB8x3gWlwyji870ZUDilLdWAaEHB2JJ&xkcb=SoDN-_M3UPha5uAVI70JbzkdCdPP&p=2&fvj=0&vjs=3
full details of Cyber Systems Administrator 2,Northrop Grumman,None,https://indeed.com/pagead/clk?mo=r&ad=-6NYlbfkN0DPf8Tf_oakpB62WadId2dzQiWExtALTi0lpCM--zHBL-Sh9PGJR7MUy2VzFYC-6-vNqOc4De9VoafxS8hoS7Cf5pwrrTvbvL8j5AGa1f0-QlienVotVFKaRgEjz2ZWpeXBuYhp-siXriReAUwQjrAbMXESaR4XSzCXvhdy6KPj4TVKbTiW-M9TnUBGHvtmsDF3U5z3i4Syh1iuUUtGqtQ2RFyNjNZBl3u4KA1Q14bN1UCM5dKB3cCMqtFeZXCt5gK3GnFmvyH9mutpZCz63D-TIOjHEK8Ki1KN7gfc1aO-pJX8mc0ZQx1tN_-WtyEUcgRh4YRYbgUa_fa2qrDYUL4Fb7AmhxYLsznGocBz6hxwO8euIK3b-Tx1P0SwFbOoc9PL_xkByOz_DKAJJ53reYXnG6QJSaIK2h8T2ypcLrlY7u0QaBJUyN4kvQwKou0CHHpMhyDbsR4ibDu-8ZonMsMqiMnA4Nc3UZ_epqJ9AF6zWmMs5E3pOH4eH10ZASM7zAefS3D02FX-2dF3gALgdPWS-oKmQ-oo9twsO52-3mkigUsDU7ExVvS7SG9aY-1lp-fw5MbvjSfaqVn7w-316iWJJYDBGc_1uRryiN_6lcourKV_9c65vhnl853ZZHC-Pe8VE_ECZro-y6ayMmHV20R8FhWW0uz2gy3K1DrGSIaTR8de4tjyauY7V52GX2ppGZtZuGenW9iznfc5utpg8uio2r1fcqqYkDklT1h8r_J2w1AsNNMBZhscWpeWWrLEMlXKdbiUBZQ0Vm_QK-t_wnyYkzpvxaUZN9ND41Yyt14r3zwLlC8dEkJJW0FCvEfgqMkcKekbwA1DKnwH1ou1Nv5Z9esjPxJtxtJ_rtdUZ5UYJvVxRcNb3Ge0TglhWq4CUp18n_t4iZuhe6XBy2nRZL1-3QjWZMoZiDjUftA4_VnI28g1psTM9vjL_5AEB_JxBFXXSrc9tLJpgt0n3pFiW62ahJn5_k7PTgZYT6UWfu2eUO8c1qpr3uKTEGzZq4sNipY7hxxWXY0HwxSYAhGb-esMJ9yTeYw2XR0kMbotd7AOkzqiwDLec7xmtS1ZwpO6nsRD3A-A1rNAR0b4-nV3U1p118-sesUhthmSQsouEfbZTSfOAM-PpQvyNfjrt6gDVrI=&xkcb=SoB5-_M3UPha5uAVI70IbzkdCdPP&p=3&fvj=0&vjs=3
full details of Engineer Software Quality,Northrop Grumman,None,https://indeed.com/pagead/clk?mo=r&ad=-6NYlbfkN0DPf8Tf_oakpB62WadId2dzQiWExtALTi0lpCM--zHBL-Sh9PGJR7MUttRElIKJ2DqiWk5Kh1swZtnVAxAYzmN2EXUZDY8icYCvxxYMOPaC2BTPRJPKRe58aUJGJY5YfEYF6jmsZH17p8r31NcZkT4eWTWuKW6DYxQCNqgMacMcT1j7OKX-i_DfhAGx8WxavY9gwpELzI56W6BD3KRgpEMdkwpE1qt3Gt-yB01hXKR-G56QNA0GXfEueF7JIPxuoCtpbpHc-DFRYW1q2yFiXAy43LcU8uhuInAttgxQL7Qt1dVHFOrHL6ET6ApFHj9XzGHF5m3o6EsU964Orr9NocuwhffTidSNrNJdUP-_2L5JUIEOqNVFeDopMEccaMFjBxJYk4rLx19Z8XcGPWAD12829TSTUCRdn_mivfvFvTfuPTX856DRsH7_-G1AL2CF3gF5ayhO30GHWT-gYnCDXsHh15DOqxGhhVqdB-a4haf5xsqJvqUt98hL2ZCQCJOB7eKyiZyI0HFSFUzq9V7cFQX0iaAPKazV6Y8q3Es4k_a5rP4DHzJM_vIA4TKtvydtK0A5DXeW5g-fGHXgb8QgDB6-R9yCH8HG1BKdkAgVQ1GLssL9RqF0kM69Pff6dUvXSNLIItOPawWG6XGG3stchpd9H7bpm0tBmc_AEMz8xhY96vY0hSDuNwOhvWzSynTgapuj2pXJNq7gBqCFhcwoV8b16RvL3lOn-JwSfOzW2LN5L4ninUSb_cU8p55I9u5AtN2088AS7rwO0NfAU-t2CCm3qMwlDEYufhE3Ss1SY4fhSgQBdYR3W-gWa6l5LLiIrkPY3HUXBS7yAjkpvMybh5KbSWOnL2vSP9GyyZpIVAg23wkGFDfJTkbSrDLNFJQ6TuqQfp6fYkWkfDsh_NaGbxYy3p-tOsHuV2IUjVOZjjQXApUvhf3x_V42z-KjFWOuZ8_EfXmdwzQokpebCpz16AIR5qqcYr4q9ThM6h_lnbfmNq83nUjkzHtd4KSINXNq4abAmAGGjcLykpbe_yJnfwa03-kqy_ER5etFzsclLJ3QQhpv9wkgUPbipnSsRMtTvEDJit7PZ9wMkYWjRhAzzqD3AF3AyuNrYjLYwzi1yU3p0g==&xkcb=SoD3-_M3UPha5uAVI70PbzkdCdPP&p=4&fvj=0&vjs=3
full details of Training & Placement || UX Designer,Precision technologies,Remote,https://indeed.com/company/Precision-technologies/jobs/Training-Placement-Ux-Designer-0d1bafd96d608c94?fccid=50063d5eca82e2b2&vjs=3
full details of Software Engineer - Backend (All Skill Levels),Wolfjaw Studios,Remote,https://indeed.com/company/Wolfjaw-Studios/jobs/Software-Engineer-d02eefd6b5923b34?fccid=be664bb53cdcedc6&vjs=3
full details of Python Developer for a New York based Search & Career Development Portal,FlexMade,Remote in United States,https://indeed.com/rc/clk?jk=03d6e1f7cb8708dc&fccid=3c06fcf583b66b60&vjs=3
full details of Software Developer  Junior,Booz Allen Hamilton,None,https://indeed.com/rc/clk?jk=18e6bb9811d87bf2&fccid=4e041af1d0af1bc8&vjs=3
full details of QA Tester (Ansible /Python),Atos Syntel,Remote,https://indeed.com/company/Atos-Syntel/jobs/QA-Tester-a21604ec498a8268?fccid=f67c57d420c3161d&vjs=3
full details of Python Developer,Dataquestcorp,Branchburg  NJ,https://indeed.com/company/Dataquestcorp/jobs/Python-Developer-e49538293622352b?fccid=e77998b24d888ef9&vjs=3
full details of Junior Software Developer,Reli.,Hybrid remote in Cerritos  CA 90703,https://indeed.com/pagead/clk?mo=r&ad=-6NYlbfkN0DtmQgOMZR4K7rPxxQhAgaX5CRdXRpWgg75rYFuE9uTpZzptW6mjqU3C75_64MWUsIkzT0mDUIC5mkFrb7IxuEqvk8YQa8NatWwc0T5QfzAPcgZZ9bfzLSu_yVcH_3KVaOjOh9hZfVCD0O1ozgiRBvJZyuwNz-g5ATeFR1uh8hO0sOXUx-Lra2Zr1_fFhl0uFW9k5z2HC72NjNgMsRohwJ_jY6ubV7mSkPpamBGCEAeByv6Qb3I7OA3k22aheN_lE2u8CbnrELelKt7VrH86PETt9vljrjgdnYaKCEgDqx8_IWyZv3wt2Rw6J1czLQolOTlyds5ptEJP7XgvoMAzctDY7ldDQsncv5svv3vwN1mbnh1bqSq3OZG3Ph7Yys_Gu0YcTMf29ilLO6C58CZlVBTzz8ok0EiGX7YHMdN_4Daj6zbnCkwcqSX1Xi9TzfpcEAEFa5Rzpwvzg4k7cUzQEvbEj9R0uJ8M0nHj-F1LkGQt4eyrpsiWxjIDCXCIQ2Lups=&xkcb=SoA--_M3UPha5pAVI70JbzkdCdPP&p=11&fvj=1&vjs=3
full details of Python Developer,kc synergy,Remote,https://indeed.com/company/KC-Synergy/jobs/Python-Developer-a9d680724323eb35?fccid=8954076980a431ab&vjs=3
full details of Jr. Python Developer,Tech Monarchy,Remote,https://indeed.com/company/Tech-Monarchy/jobs/Junior-Python-Developer-5ae2a9d1e48fbfda?fccid=fecd0d07b28de95b&vjs=3
full details of Cyber Security Software Engineer - Moorestown  NJ,In-Depth Engineering Corporation,Mount Laurel  NJ 08054,https://indeed.com/pagead/clk?mo=r&ad=-6NYlbfkN0AyiU7I6MWEx30T3H0_HRYer5MNRXwPMwKbuYIwS-YHDwIbAV_1ebYyMwCDFUUD_qwgU2qtO-hORpY1_rTA1lCnRMEokla_rV8l_wJdk4HSRJee4gNX_fTELSiPY4nFU1SQQsfAzfASd6BGHViYidH2NZT47R6Ol7hAYZ954f019dCu1hajbsTM5nH01yvchTjZ_4uBdYou44IGKrA_ExV7xzjytlLyGSJTkASeBfS2ftY98lE5l1RPw2_8WCVgaapHaValFCL4NfihtYtqYdwTRWkLycsFbW24Xyr5Uhm44UlZ8Q5cxYYv1C5vGFPO4V0543ccTTnrTAVMRifGTNIQu11ijxxeE_1Tbc4kgoYezqFd4Q9aTu1l5FMnaOUKy8rAS1ax65LETszLxX2QeYXuW3eqlx9Ue-eM9lJD6bLCVMEJCKPToALohaKZVgb25uRY0rIvvz9KyqLZC470UtRmAemM-xMUwOckvkEQezrrAshj2365NMgW8KEBG7Z8sF-LY_LjkvxbODkBCnj2Ztce7LGEVVQw3x82t88ftwb5wO6KLkk9IKFw8m2cNTcJQ-DdZBzUdR0KoP_5PYTL86CsEkSrh5S6-ZJfTrOujGnC0__r8iji6XzVQw99yhJn_sCXidFSgE1AObmFyVAQ5wUO&xkcb=SoBS-_M3UPha5pgVI70LbzkdCdPP&p=14&fvj=0&vjs=3
<span class="title">Python Developer</span>,lemon.io,Latin America Only/Europe Only/Canada Only,https://weworkremotely.com//remote-jobs/lemon-io-python-developer-3
<span class="title">Senior Open Source Developer &amp; DevOps (Python, Django, React, AWS/OpenStack)</span>,OpenCraft,Anywhere in the World,https://weworkremotely.com//remote-jobs/opencraft-senior-open-source-developer-devops-python-django-react-aws-openstack
<span class="title">Senior Python Engineer: Long-term job - 100% remote</span>,Proxify AB,Anywhere in the World,https://weworkremotely.com//remote-jobs/proxify-ab-senior-python-engineer-long-term-job-100-remote
<span class="title">(Senior) Python Full Stack Software Developer</span>,Optimile,Europe Only,https://weworkremotely.com//remote-jobs/optimile-senior-python-full-stack-software-developer
<span class="title">Senior Full-stack Engineer with Python</span>,NannyML,Anywhere in the World,https://weworkremotely.com//remote-jobs/nannyml-senior-full-stack-engineer-with-python
<span class="title">Senior Software Engineer, Python</span>,AssemblyAI (YC 17),Anywhere in the World,https://weworkremotely.com//remote-jobs/assemblyai-yc-17-senior-software-engineer-python
<span class="title">Senior Python Developer - Full Remote </span>,Ebury,Latin America Only/Europe Only,https://weworkremotely.com//remote-jobs/ebury-senior-python-developer-full-remote-1
<span class="title">Python Platform Engineer</span>,Doximity,Americas Only,https://weworkremotely.com//remote-jobs/doximity-python-platform-engineer
